{
  "model_name": "gemma-4-E4B-it-ov",
  "model_dir": "C:\\working\\gemma4-openvino\\gemma-4-E4B-it-ov",
  "model_size_gb": 6.051606975495815,
  "device": "GPU",
  "mmap_mode": "OFF",
  "system_memory_gb": 31.62298583984375,
  "ov_version": "2026.2.0-21571-9c4a2eb9ad3",
  "genai_version": "2026.2.0.0-3058-31eaf96b2e5-as/vlm_enable_1",
  "cache_info": {
    "cache_creation_time_s": 12.493075200000021,
    "cache_peak_memory_gb": 13.429435729980469,
    "cache_size_gb": 0.0
  },
  "scenarios": [
    {
      "scenario": "~467",
      "input_tokens": 476,
      "output_tokens": 300,
      "prefill_speed_tps": 1674.1075534952713,
      "output_tps": 23.423888713653717,
      "ttft_ms": 284.3305969238281,
      "tpot_ms": 42.69145965576172,
      "total_peak_memory_gb": 13.690811157226562,
      "gpu_peak_memory_gb": 0.0,
      "total_time_s": 13.054570599997533
    },
    {
      "scenario": "~1058",
      "input_tokens": 1067,
      "output_tokens": 300,
      "prefill_speed_tps": 1006.6889828551554,
      "output_tps": 20.81341959964751,
      "ttft_ms": 1059.9102783203125,
      "tpot_ms": 48.04592514038086,
      "total_peak_memory_gb": 13.895339965820312,
      "gpu_peak_memory_gb": 0.0,
      "total_time_s": 15.427411700002267
    },
    {
      "scenario": "~2075",
      "input_tokens": 2084,
      "output_tokens": 300,
      "prefill_speed_tps": 1494.7664304874029,
      "output_tps": 17.369110832238974,
      "ttft_ms": 1394.19775390625,
      "tpot_ms": 57.57347106933594,
      "total_peak_memory_gb": 14.626888275146484,
      "gpu_peak_memory_gb": 0.0,
      "total_time_s": 18.611815200005367
    }
  ]
}