{
  "model_name": "gemma-4-E4B-it-ov",
  "model_dir": "C:\\working\\gemma4-openvino\\gemma-4-E4B-it-ov",
  "model_size_gb": 6.051606975495815,
  "device": "GPU",
  "mmap_mode": "OFF",
  "cache_dir": "",
  "system_memory_gb": 15.65423583984375,
  "ov_version": "2026.2.0-21571-9c4a2eb9ad3",
  "genai_version": "2026.2.0.0-3058-31eaf96b2e5-as/vlm_enable_1",
  "cache_info": {
    "cache_creation_time_s": 0.0,
    "cache_peak_memory_gb": 0.0,
    "cache_size_gb": 12.48242655955255
  },
  "scenarios": [
    {
      "scenario": "~467",
      "input_tokens": 476,
      "output_tokens": 300,
      "prefill_speed_tps": 1383.9562921046736,
      "output_tps": 15.180288510259308,
      "ttft_ms": 343.9414978027344,
      "tpot_ms": 65.8749008178711,
      "total_peak_memory_gb": 10.867656707763672,
      "gpu_peak_memory_gb": 0.0,
      "total_time_s": 20.043881900000997
    },
    {
      "scenario": "~1058",
      "input_tokens": 1067,
      "output_tokens": 300,
      "prefill_speed_tps": 964.0883895635063,
      "output_tps": 13.817084495237147,
      "ttft_ms": 1106.7449951171875,
      "tpot_ms": 72.3741683959961,
      "total_peak_memory_gb": 10.867656707763672,
      "gpu_peak_memory_gb": 0.0,
      "total_time_s": 22.74831400000039
    },
    {
      "scenario": "~2075",
      "input_tokens": 2084,
      "output_tokens": 300,
      "prefill_speed_tps": 1263.80812172738,
      "output_tps": 11.764215931953661,
      "ttft_ms": 1648.9844970703125,
      "tpot_ms": 85.0035400390625,
      "total_peak_memory_gb": 10.867656707763672,
      "gpu_peak_memory_gb": 0.0,
      "total_time_s": 27.066961399999855
    }
  ]
}