{
  "model_name": "gemma-4-E4B-it-ov",
  "model_dir": "C:\\working\\gemma4-openvino\\gemma-4-E4B-it-ov",
  "model_size_gb": 6.051606975495815,
  "device": "GPU",
  "mmap_mode": "OFF",
  "cache_dir": "C:\\working\\gemma4-openvino\\gemma-4-E4B-it-ov\\model_cache",
  "system_memory_gb": 15.65423583984375,
  "ov_version": "2026.2.0-21622-fdad5b35a43",
  "genai_version": "2026.2.0.0-3058-31eaf96b2e5-as/vlm_enable_1",
  "cache_info": {
    "cache_creation_time_s": 0.0,
    "cache_peak_memory_gb": 0.0,
    "cache_size_gb": 12.860741248354316
  },
  "scenarios": [
    {
      "scenario": "~467",
      "input_tokens": 476,
      "output_tokens": 300,
      "prefill_speed_tps": 1179.3510017578094,
      "output_tps": 10.611463395381692,
      "ttft_ms": 403.61181640625,
      "tpot_ms": 94.23770904541016,
      "total_peak_memory_gb": 9.309432983398438,
      "gpu_peak_memory_gb": 0.0,
      "total_time_s": 28.583796599996276
    },
    {
      "scenario": "~1058",
      "input_tokens": 1067,
      "output_tokens": 300,
      "prefill_speed_tps": 792.6203278675442,
      "output_tps": 9.661103650185966,
      "ttft_ms": 1346.1678466796875,
      "tpot_ms": 103.50784301757812,
      "total_peak_memory_gb": 9.309432983398438,
      "gpu_peak_memory_gb": 0.0,
      "total_time_s": 32.29631979999249
    },
    {
      "scenario": "~2075",
      "input_tokens": 2084,
      "output_tokens": 300,
      "prefill_speed_tps": 1166.213799022948,
      "output_tps": 8.57937766915081,
      "ttft_ms": 1786.9793701171875,
      "tpot_ms": 116.5585708618164,
      "total_peak_memory_gb": 9.309432983398438,
      "gpu_peak_memory_gb": 0.0,
      "total_time_s": 36.63971989999118
    }
  ]
}